time_s,coverage
0.002225,0.333
0.002303,0.667
0.003752,1.0
