time_s,coverage
0.001324,0.333
0.001332,0.667
0.003094,1.0
